age;anciennete_entreprise;salaire_mensuel;distance_domicile_km;nb_promotions_3ans;satisfaction_travail;heures_travail_hebdo;departement;teletravail;attrition
-5;9.2;134 000;6.7;0;1.5;38.0; Finance;Total;1
51;0.8; 444 000;14.6;0;2.1;48.0; Finance;Partiel;0
46;4.1;750   000;5.0;0;3.2;56.0; Ventes;jamais;0
38;1.7;470 000;2.6;0;;43.0;Ventes;partiel;0
38;2.9; 460 000;0.5;0;3.6;35.0;VENTES; Jamais;1
54;16.6;532000;0.5;1;1.4;35.0;Ventes;Partiel;0
25;2.2;584000;14.7;1;1.1;48.0; RH ;Jamais;1
48;4.7;150000;22.1;1;4.6;43.0;VENTES;Total;0
29;2.6;198000;6.3;0;4.1;48.0;finance;Jamais;0
25;0.8;482000;17.9;0;2.2;40.0;ventes;Jamais;0
42;0.2;343 000;8.2;0;3.2;48.0;Ventes;Partiel;0
59;6.2;647000;13.4;2;4.2;42.0;it; Jamais;0
49;0.4;403 000;7.6;0;3.6;39.0;Ventes; Total ;0
50;0.8;160000;7.2;2;3.3;41.0; PRODUCTION; PARTIEL;0
49;3.7;260000;3.4;2;4.3;36.0;it;jamais;0
51;1.5;90000;7.5;0;2.5;55.0;Ventes;jamais;1
41;2.4;415 000;2.4;0;3.2;42.0;VENTES; Total ;0
26;2.5;422000;0.5;2;3.2;47.0;IT;Partiel;0
53;0.2;386 000;6.1;1;2.9;40.0;finance;total;0
39;8.8;612 000;0.8;1;2.8;37.0;Production; Jamais;0
41;16.2;630 000;4.5;1;3.3;42.0;IT;total;0
36;2.7;424 000;0.5;0;3.2;50.0;Finance;Partiel;0
28;;130000;7.6;0;2.2;40.0;IT;partiel;0
57;9.1;543 000;3.0;1;4.0;38.0; PRODUCTION; Jamais;0
51;2.1;533 000;1.1;0;2.2;44.0; RH ;Jamais;0
46;3.9;496000;4.3;1;3.0;46.0; IT;total;0
37;8.3;597000;4.0;0;2.9;53.0; Finance;Total;0
53;1.7;275 000;11.8;0;3.6;45.0;production;Jamais;0
42;7.7;751000;20.2;1;1.1;47.0;it; Total ;0
38;4.6;306000;11.3;0;4.1;;Production;jamais;0
39;4.1;562 000;1.0;0;2.5;36.0; PRODUCTION;Jamais;0
30;7.1;197000;2.1;0;4.4;37.0; Ventes;jamais;0
25;0.2;310000;50.7;0;2.7;36.0;production;Jamais;1
43;1.5;677 000;4.2;0;3.2;35.0;Finance; Jamais;0
55;0.9;411 000;4.1;0;5.0;48.0;rh;;0
24;1.3;576 000;13.5;0;2.9;45.0; RH ;Jamais;0
54;;486000;13.0;1;4.4;43.0;production;Partiel;0
120;;434 000;1.1;0;3.2;32.0;finance; PARTIEL;0
32;2.4;655 000;7.2;3;3.6;55.0; RH ; PARTIEL;0
46;1.4;415000;1.0;0;3.3;38.0;Ventes; Jamais;0
28;2.2;183000;14.5;0;4.0;55.0; IT; PARTIEL;1
50;2.6;330 000;0.6;0;2.5;34.0; PRODUCTION; Jamais;0
48;1.1;533 000;6.1;0;2.2;;finance;partiel;0
35;3.9;509 000;16.6;1;2.6;32.0;VENTES; PARTIEL;0
17;4.7;215000;4.7;1;3.3;45.0;Production; Jamais;1
58;;341 000;9.9;0;3.0;36.0;Production;Jamais;0
38;0.9;363 000;7.1;2;3.9;37.0;RH;Partiel;0
55;4.0;395000;16.0;1;4.5;35.0; Ventes;total;0
47;5.5;244 000;24.5;0;2.2;48.0; RH ; PARTIEL;1
51;0.2;356 000;10.1;1;2.5;47.0; Ventes; Total ;1
50;2.3;341000;20.7;0;1.8;54.0; IT;Total;1
29;3.8;566 000;3.5;0;5.0;39.0;Finance;jamais;0
35;1.2;571000;6.3;0;3.5;44.0; PRODUCTION; PARTIEL;1
39;7.4;428000;4.8;0;3.7;35.0;IT;Jamais;0
40;5.2;391 000;21.4;0;1.9;41.0;production; Jamais;1
23;0.8;471000;13.6;2;3.2;40.0; PRODUCTION;Jamais;0
42;2.4;328000;3.0;0;3.7;46.0;;Total;1
27;13.4;278000;3.8;1;2.9;49.0;VENTES;Partiel;0
50;3.2;309000;25.2;0;4.3;49.0;finance;;0
99;5.7;355 000;;1;5.0;38.0;production; Jamais;0
57;9.9;275 000;;0;2.3;49.0;it;Jamais;1
50;2.4;474000;3.7;0;2.2;43.0;;partiel;0
35;0.4;559 000;0.5;0;2.3;41.0; Finance;Total;0
58;1.0;212 000;7.1;0;4.8;39.0;; Jamais;1
37;2.7;454 000;4.3;1;4.2;40.0;finance; Jamais;0
34;2.3;417 000;1.1;1;3.1;53.0;ventes; PARTIEL;1
56;;501000;0.5;0;3.2;45.0;Ventes;jamais;0
36;5.3;448000;4.4;0;2.4;44.0;Ventes;Partiel;0
24;6.1;232000;13.7;0;4.1;41.0;production;Jamais;0
39;4.3;261 000;12.3;1;2.8;58.0;production; Jamais;1
52;11.4;454 000;2.2;2;2.9;51.0;production;jamais;0
29;14.5;604000;2.9;3;3.8;39.0;VENTES;Total;0
39;5.2;118 000;5.3;2;3.0;41.0; RH ;;0
26;7.8;502000;0.8;0;3.0;42.0;VENTES;Jamais;0
48;2.1;628000;8.2;1;3.2;44.0;it;;0
40;0.6;427 000;2.4;1;4.0;39.0;VENTES;Total;0
34;3.4;533 000;17.0;3;4.8;46.0; PRODUCTION;jamais;0
30;10.4;345000;8.4;1;;52.0;Ventes;Jamais;0
43;0.6;432 000;3.0;2;4.0;35.0;finance; PARTIEL;0
47;1.8;207000;13.3;1;3.0;36.0;production;jamais;0
57;4.0;98000;18.3;1;2.5;40.0; Finance;partiel;0
38;2.3;591 000;6.3;2;3.9;40.0; Ventes;jamais;0
28;0.2;302000;2.6;0;3.4;55.0;Production; Jamais;1
53;16.6;382 000;26.6;0;1.8;49.0;Finance;Jamais;0
45;3.1;242 000;16.2;1;2.9;49.0;IT;Partiel;1
48;1.2;239000;19.5;0;3.1;41.0;Finance;Jamais;1
25;2.0;424000;8.9;1;2.7;41.0;Production; Jamais;0
33;0.2;341000;8.4;1;4.7;34.0; IT; Jamais;0
51;3.2;507000;9.5;0;3.7;48.0;rh;partiel;0
53;6.6;518000;1.4;0;4.6;46.0; IT;Jamais;0
38;3.2;498 000;7.5;0;3.5;51.0;VENTES; PARTIEL;1
52;5.9;486 000;1.5;0;3.3;42.0;production; PARTIEL;0
53;2.7;687 000;2.4;1;2.3;42.0;ventes; Jamais;0
36;5.8;290 000;3.2;0;3.2;44.0;IT;;0
56;2.8;442 000;11.6;0;3.2;48.0; IT;Total;0
32;4.1;620000;5.8;0;1.8;34.0;it; Jamais;0
31;7.7;640 000;5.7;1;2.7;47.0; IT;jamais;0
47;;237000;8.6;1;2.9;43.0;Finance;jamais;0
46;2.2;403000;5.7;0;3.6;37.0;IT;Jamais;0
27;13.8;654000;10.1;0;3.7;32.0;Ventes;partiel;0
53;0.4;526 000;0.6;0;2.6;42.0; PRODUCTION; Total ;1
29;3.6;479000;4.1;1;3.7;52.0;production;;0
52;2.8;417000;6.0;0;3.0;53.0;IT; Jamais;1
22;3.5;392 000;0.9;1;1.0;45.0;IT; Jamais;0
52;7.4;493 000;4.9;3;2.7;55.0; Ventes;Jamais;0
51;2.0;412 000;5.0;1;4.3;43.0;VENTES; PARTIEL;0
51;16.8;444000;9.8;1;1.5;49.0; IT; Jamais;0
47;3.2;462000;3.2;2;3.3;40.0;production;total;0
39;5.8;348 000;8.8;2;4.8;40.0; Finance;total;0
48;3.6;530000;10.9;0;2.4;39.0;IT;jamais;0
32;;887 000;9.4;2;3.2;32.0; PRODUCTION; PARTIEL;0
51;;183 000;2.6;0;1.9;51.0;IT; PARTIEL;1
43;0.2;499000;10.4;1;4.8;39.0;ventes;Partiel;0
39;15.7;336000;9.6;0;3.1;38.0; IT;Jamais;0
41;4.2;537000;3.1;0;3.2;36.0;VENTES;Jamais;0
43;;457 000;2.1;0;4.6;42.0;Production;;0
23;16.2;564 000;3.0;1;3.9;54.0;it; Jamais;0
27;6.2;626 000;1.4;1;2.3;56.0;;partiel;0
31;1.9;479 000;6.6;0;2.6;33.0;IT;Jamais;0
26;2.5;620 000;5.9;0;3.7;41.0;production; PARTIEL;0
38;0.4;98000;4.8;0;2.6;37.0;finance;partiel;0
47;9.5;689000;2.8;0;1.1;49.0;IT;jamais;0
46;4.7;506 000;0.9;0;3.1;45.0;VENTES; Jamais;0
39;11.0;612 000;;0;1.7;39.0;;Partiel;0
54;9.7;267 000;6.8;0;4.8;43.0;;jamais;0
43;0.2;325 000;12.1;0;3.4;40.0;;Partiel;0
25;7.1;472000;14.3;1;2.3;53.0;production;partiel;1
51;0.6;447 000;12.2;2;2.5;46.0;Ventes;jamais;0
43;0.3;492000;4.4;0;1.3;47.0;it;partiel;0
46;4.5;613 000;8.0;1;2.1;32.0; RH ;;0
43;2.4;185 000;0.5;0;4.2;43.0;it;Partiel;0
43;6.3;596000;13.6;0;5.0;55.0;it; Jamais;0
25;13.1;451 000;19.0;0;;51.0;; Jamais;0
43;2.2;419 000;21.9;0;3.1;32.0; Ventes;jamais;0
52;3.7;229000;2.2;2;2.8;41.0;ventes;Total;0
33;0.2;525 000;2.0;1;2.2;36.0;Ventes;Total;0
44;0.9;90 000;5.5;0;5.0;53.0; PRODUCTION;partiel;0
23;4.5;547 000;8.2;1;3.0;44.0;rh; Jamais;0
35;0.2;226 000;7.4;0;5.0;38.0;it;partiel;0
38;4.2;458000;16.0;0;4.6;43.0;; PARTIEL;0
59;4.0;432 000;6.0;2;1.5;32.0;Finance;Partiel;0
30;0.4;625000;5.8;1;2.5;36.0;ventes;jamais;0
32;10.4;423000;6.2;0;2.5;43.0;VENTES; Total ;0
37;5.8;346 000;4.5;0;3.1;48.0;Finance;jamais;0
59;9.6;374 000;4.4;0;3.1;32.0;it; Jamais;0
54;0.7;641 000;3.1;1;5.0;41.0; PRODUCTION;Total;0
23;5.6;530 000;1.2;1;2.1;49.0;Production; Jamais;0
30;1.7;392 000;2.5;1;3.4;34.0;Production;;0
53;12.2;415000;1.2;1;3.8;44.0;Ventes;partiel;0
24;2.7;215 000;5.3;1;3.2;43.0;VENTES;total;0
54;3.9;508 000;29.3;1;3.3;53.0; Ventes; Jamais;1
32;1.3;186000;7.1;0;2.2;42.0; PRODUCTION;partiel;0
56;2.6;563000;6.3;0;3.3;42.0; PRODUCTION;Jamais;0
33;5.6;469 000;6.6;0;3.7;48.0;production; Jamais;0
38;4.3;808 000;2.0;0;3.5;35.0;IT;;0
47;0.2;285000;5.3;0;3.8;42.0;Production;partiel;0
26;0.2;435 000;1.8;0;4.6;40.0;rh;Jamais;0
43;2.4;720000;8.8;1;4.1;42.0;production; Jamais;0
41;6.0;629000;14.8;1;3.3;48.0;RH; PARTIEL;0
51;3.7;346000;2.0;1;2.0;46.0;VENTES;partiel;0
59;0.8;484 000;21.8;0;2.6;39.0;ventes;partiel;1
47;6.5;450 000;17.8;0;3.0;44.0;production;partiel;0
37;13.5;492 000;0.5;1;3.5;52.0; IT;jamais;0
37;1.6;345000;3.6;1;2.7;38.0;it; Jamais;0
37;2.6;437000;1.7;1;2.3;44.0;;Jamais;0
52;2.4;210000;1.4;1;2.0;42.0;IT; PARTIEL;0
34;1.4;470000;14.1;0;1.5;43.0; PRODUCTION;jamais;1
28;1.7;518000;10.1;0;3.0;33.0;VENTES; Jamais;1
34;1.4;416000;5.3;0;1.7;51.0;VENTES;jamais;1
22;0.8;208 000;13.0;0;2.2;38.0;Production;;1
26;0.2;598 000;11.6;1;2.8;49.0;RH;total;1
25;;505000;0.8;0;1.9;39.0;Ventes;partiel;1
51;8.7;341000;0.7;1;3.6;39.0;VENTES;;0
49;1.6;408 000;11.4;0;3.9;50.0;ventes;Partiel;0
48;1.1;225000;0.8;2;;49.0; Ventes;Partiel;0
39;6.2;296 000;15.1;0;2.8;44.0;ventes;jamais;1
49;2.1;369 000;8.3;1;3.7;48.0; Ventes; Jamais;0
28;5.7;634000;10.2;3;2.5;41.0; Finance; PARTIEL;0
56;4.6;354 000;4.3;0;2.4;43.0;Production; Jamais;0
41;4.6;546000;2.5;1;4.4;39.0; PRODUCTION;partiel;0
57;1.5;369000;;0;4.1;48.0;IT;partiel;0
27;3.4;487000;1.0;2;3.8;39.0;IT; PARTIEL;0
40;11.6;429 000;3.4;0;4.1;52.0;;Total;0
48;5.4;581000;9.4;0;1.2;41.0;production; PARTIEL;0
40;4.9;370 000;16.5;0;4.6;43.0;rh; PARTIEL;0
38;2.4;214000;;0;3.6;48.0;VENTES; Jamais;0
28;4.7;243 000;15.8;2;4.2;43.0; IT;Partiel;0
36;2.9;370000;24.4;0;3.6;41.0;rh; PARTIEL;0
31;0.7;263000;21.0;1;3.2;43.0;rh;total;0
33;1.4;512 000;6.3;1;2.9;48.0;Ventes;partiel;0
47;0.7;380 000;15.8;1;3.6;39.0;;Jamais;0
45;4.4;806 000;11.5;0;2.9;42.0;rh;partiel;0
45;0.4;189000;6.1;1;;43.0; RH ;total;0
35;0.4;481000;;0;1.6;48.0; Ventes; PARTIEL;1
58;0.9;281000;1.4;0;2.7;42.0; PRODUCTION;partiel;0
25;1.9;376000;13.9;0;5.0;54.0; Finance;Partiel;0
35;0.7;471 000;0.6;0;2.6;42.0; Ventes; PARTIEL;0
26;5.2;101000;9.2;1;3.0;42.0;rh;Jamais;1
34;3.1;486 000;31.0;0;2.3;42.0;Finance; Jamais;0
58;20.5;735000;11.4;1;3.5;35.0;Production; PARTIEL;0
35;13.7;382 000;6.5;1;2.5;37.0; Ventes;Total;0
56;2.9;489000;3.8;1;3.0;40.0; PRODUCTION; Total ;0
40;2.5;604 000;15.1;1;4.0;50.0; IT; Jamais;0
48;0.5;425 000;0.8;1;2.5;43.0;ventes;jamais;1
39;6.6;363 000;5.4;1;4.0;40.0; Ventes; Jamais;0
32;14.1;109000;11.9;0;4.0;50.0;VENTES;Partiel;0
51;2.6;546000;3.3;0;4.3;52.0;IT;partiel;0
58;6.3;433 000;4.0;0;3.3;51.0;it;total;0
32;0.2;298 000;0.7;0;5.0;38.0; Finance;jamais;0
51;29.5;469 000;1.3;1;4.3;40.0;Ventes; PARTIEL;0
31;0.4;362000;0.5;0;3.5;54.0;; PARTIEL;1
49;6.0;371000;3.4;0;2.3;44.0;ventes;jamais;0
51;0.2;541000;5.9;0;3.1;41.0; RH ;total;0
39;1.4;249000;3.2;0;4.6;47.0;Production;partiel;1
50;1.6;607 000;2.8;1;4.9;49.0; PRODUCTION;Jamais;0
32;4.2;240 000;9.2;1;4.7;40.0;Finance;jamais;0
25;0.3;351000;22.1;0;;44.0;finance;Total;1
25;1.8;738000;6.0;1;1.9;49.0; Ventes; PARTIEL;0
38;1.0;619 000;6.3;0;3.7;36.0;Ventes; PARTIEL;0
56;0.5;465000;2.7;3;2.0;43.0; IT; PARTIEL;0
26;6.7;309 000;3.7;3;1.7;36.0; Ventes; Jamais;0
39;1.9;371 000;3.3;0;;37.0; IT;partiel;0
48;0.4;461 000;24.5;0;3.7;40.0;ventes;total;0
29;2.3;456000;9.9;0;4.1;46.0;production;jamais;0
49;0.8;436000;12.3;1;3.7;41.0; PRODUCTION;partiel;0
33;0.2;445000;1.7;0;3.7;39.0;Production;Jamais;1
52;0.4;418000;13.8;0;2.2;43.0;finance;;0
44;4.8;234000;4.7;0;3.1;36.0;ventes;jamais;0
42;0.2;373 000;1.2;0;1.7;46.0;ventes; Total ;0
28;1.9;587000;8.2;0;1.2;50.0;finance;Jamais;1
39;2.8;245 000;1.3;0;3.9;43.0; Finance;jamais;0
54;1.2;422000;4.8;1;2.4;42.0;IT;partiel;0
22;3.2;327 000;1.1;0;4.1;45.0; IT; Jamais;0
50;7.3;467 000;6.3;0;4.3;32.0; IT;partiel;0
40;2.5;392000;1.8;0;;46.0;Ventes;Total;1
49;2.3;672 000;1.9;0;3.8;62.0; IT;jamais;0
47;0.6;526 000;1.3;0;2.5;42.0;IT;;0
38;2.5;253000;0.5;0;1.4;42.0;Finance;Total;1
33;9.3;551000;1.1;0;3.3;47.0;production;jamais;0
45;2.3;334 000;11.9;1;2.7;53.0; RH ;Jamais;0
27;2.9;363 000;3.8;0;2.8;49.0; Finance; Total ;0
44;11.5;497 000;14.3;1;5.0;32.0;production;Total;0
25;;376000;21.4;0;;46.0;VENTES;partiel;1
46;0.2;584000;23.2;0;3.6;58.0;Finance; PARTIEL;0
45;;334 000;0.6;0;2.2;47.0; IT; Total ;1
25;2.8;357000;6.3;0;4.1;36.0;rh;Partiel;0
50;0.6;352000;0.9;3;3.5;45.0;Ventes;Partiel;0
37;0.4;365000;17.0;0;3.6;35.0;Production;Partiel;0
51;2.7;615 000;12.1;0;2.3;50.0;Production;;1
23;6.3;544000;3.6;0;2.4;37.0;Ventes; PARTIEL;0
28;0.2;706000;3.9;0;4.1;43.0;;;0
40;0.3;790 000;6.5;0;5.0;38.0;VENTES;Partiel;0
29;0.4;295 000;9.4;0;3.7;40.0;Production;partiel;0
34;0.7;461 000;14.9;0;2.3;52.0;rh; Jamais;1
47;4.0;274 000;0.9;0;3.5;44.0;VENTES;jamais;0
27;0.2;333000;6.6;1;5.0;40.0;Production;partiel;0
47;7.6;355000;3.8;1;3.3;36.0; IT; Jamais;0
25;10.1;291 000;2.6;0;4.7;32.0;it; Jamais;0
28;20.0;292000;9.8;0;2.5;;IT;jamais;0
44;0.2;428 000;4.1;0;3.2;44.0; RH ;jamais;1
52;0.9;267000;11.3;0;3.8;49.0;it;partiel;1
28;2.9;576 000;14.0;0;3.6;40.0;ventes;Jamais;0
33;0.3;312000;3.8;1;2.4;; IT;jamais;1
57;16.5;871000;0.5;0;2.4;39.0;; PARTIEL;0
-5;13.4;382000;28.2;1;4.2;42.0; RH ;Jamais;0
44;2.7;461000;9.8;1;4.4;37.0; PRODUCTION; Jamais;0
38;8.0;256 000;18.2;0;4.7;49.0;RH;partiel;1
35;8.3;706000;0.8;0;5.0;56.0;production;partiel;0
45;3.0;618000;1.1;0;3.3;32.0;IT;Partiel;0
44;2.0;495 000;0.5;1;2.9;41.0; PRODUCTION; PARTIEL;0
33;8.0;248000;2.0;0;4.6;51.0;VENTES;Total;0
22;2.4;482 000;0.5;0;3.9;34.0; Ventes;jamais;0
27;9.9;282 000;16.8;3;2.2;46.0; Ventes;Partiel;1
58;4.0;669000;;1;2.2;50.0;VENTES;;0
37;2.7;571 000;12.8;1;0.0;43.0;Production;Jamais;0
40;2.0;464 000;14.3;0;3.0;46.0;production; Total ;1
39;1.4;90 000;14.2;1;3.2;54.0; PRODUCTION;jamais;0
51;0.9;302000;5.3;0;4.3;55.0;Ventes;Total;1
24;0.2;553000;;0;4.0;43.0; PRODUCTION; PARTIEL;1
25;1.2;632 000;17.7;0;4.5;40.0;Finance; PARTIEL;0
32;0.2;616000;25.6;1;1.3;37.0; IT;Jamais;0
40;1.0;211000;7.1;1;3.5;49.0;rh;;0
47;13.2;495000;16.3;1;3.9;35.0;; PARTIEL;0
40;9.9;602000;4.9;1;1.7;41.0;VENTES; Jamais;0
38;9.6;201000;10.6;0;2.5;44.0;rh;jamais;0
57;1.6;449 000;9.6;0;2.4;40.0; Finance;Partiel;0
28;11.9;491 000;0.6;0;3.2;45.0;ventes;jamais;0
43;4.6;405000;1.8;0;4.8;58.0;it; PARTIEL;0
42;0.2;172 000;12.4;2;5.0;42.0; RH ;partiel;0
39;1.0;401 000;0.5;0;2.4;40.0;Finance;jamais;0
52;4.3;401 000;11.7;0;3.7;49.0;production; PARTIEL;0
32;0.7;428 000;7.1;2;3.8;44.0;;jamais;0
58;0.5;365000;37.6;1;3.6;52.0;finance;;1
34;5.7;384 000;0.5;2;3.6;44.0; RH ; Total ;0
42;0.2;444000;5.8;0;3.5;42.0;;jamais;0
41;0.2;516000;25.4;1;4.9;32.0;rh;partiel;0
54;7.8;404 000;0.5;1;4.3;33.0;ventes;partiel;0
38;1.4;389 000;8.5;2;2.1;32.0; Finance; Total ;0
32;10.8;464 000;3.5;0;4.0;45.0;Finance; Jamais;0
22;6.2;162000;2.3;1;4.1;35.0;RH; PARTIEL;0
35;;522 000;;0;3.5;51.0;Production; Total ;1
53;;450000;5.0;0;4.3;43.0;finance;Jamais;0
22;0.7;456 000;6.8;0;3.4;42.0;it; PARTIEL;0
56;0.3;594 000;0.5;1;3.4;38.0;VENTES; Jamais;0
42;5.7;157 000;6.3;0;3.3;;ventes;Partiel;1
27;0.4;154 000;0.6;0;1.2;38.0;IT;jamais;1
33;0.8;491 000;5.3;0;3.1;37.0; IT; Total ;0
43;3.1;449000;0.7;0;2.5;50.0;Ventes;jamais;0
33;;476 000;8.8;1;2.0;45.0;ventes; Jamais;0
26;4.3;381000;1.5;0;4.6;42.0; Ventes;partiel;0
47;0.3;550000;0.5;1;3.7;47.0;Production;Partiel;0
47;0.8;590000;13.6;1;3.2;43.0;production;Partiel;0
26;0.3;523000;2.0;0;2.6;45.0;it; PARTIEL;1
32;9.3;411 000;0.5;0;3.5;38.0;VENTES; Jamais;0
31;14.3;134000;9.6;2;4.2;55.0;ventes;partiel;0
47;5.3;565 000;6.0;0;2.4;40.0;VENTES;jamais;0
49;4.7;633000;7.6;0;3.2;52.0;it;jamais;1
49;1.2;547 000;16.4;1;4.1;42.0; Ventes; Total ;0
57;4.5;318000;1.6;2;1.3;48.0;IT; PARTIEL;1
51;4.7;551000;2.3;1;3.1;47.0;Production; Jamais;0
34;5.7;579000;11.0;0;2.8;50.0; RH ;;1
26;6.4;684 000;;1;3.1;38.0;; Total ;0
45;6.6;319000;;1;2.7;49.0;ventes;jamais;0
56;0.2;416000;13.4;1;3.3;54.0;;Jamais;0
59;4.7;562 000;3.5;0;5.0;41.0;Production;jamais;0
30;3.9;459 000;3.3;2;2.9;43.0;it; Jamais;0
30;8.2;282 000;23.4;1;3.5;40.0; Finance;jamais;0
23;0.5;512 000;0.5;1;5.0;41.0; PRODUCTION;Total;0
27;4.5;537000;24.0;0;2.6;53.0;; Jamais;1
43;2.6;463 000;3.2;0;5.0;37.0;it;;0
42;2.6;483000;26.2;3;3.2;37.0;RH;partiel;0
36;0.7;411000;1.1;1;5.0;53.0;;partiel;0
33;5.8;672000;6.9;0;4.0;47.0; Ventes;Partiel;0
53;2.8;315000;10.7;0;0.0;56.0; Ventes;;1
39;0.4;362000;11.1;2;3.1;40.0;Production;Partiel;0
52;29.9;452000;0.8;1;2.6;44.0; Finance;partiel;0
58;3.7;582 000;0.7;0;3.3;39.0; IT;partiel;0
34;2.0;225000;7.7;0;4.1;44.0;Ventes;Partiel;0
29;13.0;253000;0.8;0;;32.0; Finance;partiel;0
58;7.5;144 000;12.9;0;2.9;47.0;production; Jamais;0
46;6.2;455000;15.0;2;2.9;45.0;it; PARTIEL;0
33;0.3;282000;1.2;0;4.2;43.0; IT;partiel;0
45;4.5;392 000;11.7;0;4.4;41.0;Production;Jamais;0
41;8.7;549000;;0;2.5;38.0;Production; Total ;0
56;2.7;354000;25.1;0;2.5;47.0; PRODUCTION;Jamais;1
31;5.8;485 000;5.9;0;3.6;36.0;it;;0
59;1.3;405 000;10.5;0;;46.0;Ventes;total;0
57;0.6;551 000;10.4;0;4.3;55.0; IT;jamais;0
28;8.7;521000;8.6;1;1.9;52.0;IT;jamais;0
28;2.2;346 000;7.1;0;2.9;34.0; PRODUCTION;jamais;0
42;2.9;425000;0.5;0;2.3;40.0;;Total;0
23;1.4;607000;16.1;0;2.9;46.0;finance;jamais;0
33;2.8;509000;7.4;0;4.8;43.0;production;partiel;0
38;1.4;240 000;2.3;0;;35.0; PRODUCTION; PARTIEL;0
58;0.2;548 000;3.4;1;1.6;45.0;finance;partiel;0
59;8.0;287 000;3.6;1;2.4;43.0; PRODUCTION; Total ;0
27;0.7;662 000;0.5;0;3.5;;Ventes;Partiel;0
55;1.5;604 000;1.7;0;3.8;41.0;it;Jamais;0
25;7.8;493 000;0.5;0;3.6;50.0;VENTES;Total;0
50;4.4;474 000;7.2;0;4.4;35.0;Production; PARTIEL;0
54;3.5;419000;4.3;1;1.4;37.0; PRODUCTION;Jamais;0
55;8.7;552 000;25.6;1;4.4;47.0;VENTES;Jam ais;0
30;0.7;394 000;2.2;0;2.9;50.0; Ventes;;1
55;2.7;485000;6.9;0;3.9;37.0;IT;jamais;0
26;2.5;581000;0.6;0;1.9;43.0;VENTES;partiel;0
41;14.0;366000;2.9;0;3.2;35.0; PRODU CTION; Jamais;0
39;6.9;358000;7.6;3;3.4;42.0;ventes; PARTIEL;0
34;0.9;271 000;24.2;1;4.4;48.0;production; Jamais;1
22;0.7;290000;26.2;2;1.6;40.0;RH;partiel;0
51;1.9;176000;0.5;2;3.2;42.0;it;jamais;0
34;0.9;559000;7.8;1;;36.0;Ventes;Jamais;0
47;;721000;2.0;2;3.7;39.0;production;jamais;0
37;0.5;664 000;16.7;0;4.0;54.0;finance; Jamais;1
36;3.6;206 000;10.7;0;4.5;;it;Partiel;0
55;0.9;559000;1.9;0;2.7;37.0; IT; PARTIEL;0
25;;663000;3.9;0;4.1;41.0; PRODUCTION;Jamais;0
49;16.0;381 000;0.5;1;4.6;33.0;Production;Total;0
50;6.8;465 000;4.2;1;1.6;37.0;Production;jamais;0
36;8.6;149 000;6.3;0;3.8;51.0;Finance;Jamais;0
31;0.3;490 000;5.2;0;4.2;42.0; PRODUCTION; PARTIEL;0
22;1.2;290 000;10.4;1;2.9;54.0;IT;partiel;1
57;1.9;480000;1.2;0;2.0;42.0;Finance;partiel;0
58;7.0;216 000;14.1;0;4.1;43.0;IT;jamais;0
31;3.8;531 000;3.8;1;2.0;47.0; RH ;Jamais;0
23;0.2;604 000;3.9;1;3.0;;production; PARTIEL;0
26;1.3;333000;2.8;1;3.2;44.0; PRODUCTION; Jamais;0
24;6.8;279000;12.1;0;3.9;43.0;RH;Jamais;0
53;22.7;127000;4.1;0;2.6;52.0;rh;Total;0
55;1.7;410000;3.0;0;;49.0;production;Partiel;0
27;2.5;363000;8.0;1;3.3;36.0;Production;Jamais;1
50;3.7;217000;8.1;0;4.2;50.0; PRODUCTION;jamais;0
28;2.5;518000;3.2;0;;41.0;VENTES; PARTIEL;0
35;6.7;383 000;15.4;1;1.7;38.0;IT;jamais;1
44;8.9;289000;3.8;1;3.5;44.0; PRODUCTION;Jamais;0
49;0.8;367 000;10.4;2;2.1;42.0;production;Jamais;1
55;3.2;611000;2.8;0;4.2;52.0;finance;partiel;0
23;0.4;540 000;12.2;0;2.3;45.0; Finance;Partiel;0
29;0.7;430 000;11.8;0;2.5;44.0;it;jamais;1
32;2.5;543 000;10.1;0;2.6;48.0;IT;Jamais;0
33;1.5;276000;12.8;1;3.1;50.0; PRODUCTION;Partiel;1
59;0.4;455000;6.9;0;3.5;48.0; IT;partiel;0
51;3.0;472 000;1.6;1;3.7;52.0;Finance;Partiel;0
34;5.4;380000;5.7;1;3.2;47.0; Finance;jamais;0
58;5.2;515 000;1.9;2;1.9;44.0;production;Partiel;0
40;1.5;333000;7.7;0;3.9;50.0;IT;Total;0
41;;526 000;0.9;0;3.1;42.0;finance;partiel;0
38;0.9;533 000;6.7;1;4.4;43.0;VENTES;Jamais;0
27;;90000;1.3;1;2.5;53.0;Ventes; PARTIEL;0
57;1.6;629000;7.1;1;1.6;53.0; IT; Jamais;1
22;11.4;90000;32.8;0;;43.0;VENTES;jamais;0
28;2.1;358000;9.2;1;4.5;40.0; PRODUCTION;Jamais;0
30;3.5;604000;2.9;1;3.4;52.0;Production;total;0
32;3.1;402 000;2.2;0;3.0;48.0;ventes;jamais;1
27;5.5;230 000;4.3;1;2.3;45.0; PRODUCTION;total;0
22;11.7;286000;5.7;0;5.0;41.0;rh; PARTIEL;0
47;1.7;604 000;7.4;0;2.2;45.0;finance; PARTIEL;1
58;5.3;162000;2.3;0;2.5;43.0;production;jamais;0
26;1.6;619 000;8.0;1;3.8;39.0;rh;Partiel;0
33;8.3;442 000;1.5;0;1.3;44.0; Ventes;Jamais;0
41;0.6;271 000;20.8;0;4.5;45.0;ventes; Jamais;1
57;0.6;363000;10.5;1;8.0;41.0;;jamais;0
48;3.0;297000;5.2;2;4.1;48.0;production;Jamais;0
51;0.3;580 000;;2;3.8;51.0;rh;partiel;0
44;1.3;560 000;1.4;0;3.0;49.0; IT; Jamais;0
37;3.1;192 000;15.6;2;2.1;41.0; Ventes;jamais;0
29;1.2;389 000;18.5;1;3.1;48.0; PRODUCTION;;1
54;10.6;321 000;;2;2.2;43.0;it; Jamais;0
17;3.1;644000;0.5;0;3.7;36.0; Finance;Jamais;0
22;2.6;247 000;3.5;0;4.0;47.0;finance; Jamais;1
49;3.0;691 000;8.9;1;4.7;44.0;ventes;jamais;0
25;5.1;445 000;28.7;1;3.6;59.0;Ventes;Partiel;1
50;1.4;276 000;3.3;0;4.1;52.0;IT;Jamais;0
53;5.6;348 000;3.2;1;2.9;47.0; IT; Jamais;0
26;10.2;330000;1.0;1;2.7;44.0;Finance; PARTIEL;0
38;8.2;259000;16.1;1;3.7;44.0;Production;Jamais;0
26;2.9;464000;24.9;2;2.8;37.0;VENTES;total;0
43;1.0;266 000;0.6;0;3.5;33.0; RH ; Total ;0
57;1.3;123000;0.8;0;2.1;38.0;ventes; Jamais;0
25;6.4;393000;2.4;1;2.3;43.0;ventes; Jamais;0
37;3.7;180000;17.8;0;3.8;32.0;production;Jamais;0
58;1.6;337000;38.5;0;4.1;40.0; PRODUCTION;jamais;1
33;0.2;314 000;3.5;1;2.2;42.0;production; Jamais;0
27;7.9;319000;11.2;1;3.9;42.0;Ventes;Partiel;0
40;0.7;750000;7.2;2;2.7;39.0;;Jamais;0
41;2.4;458000;1.9;0;3.2;41.0;IT; Jamais;0
47;1.3;487000;6.3;0;4.6;; PRODUCTION; Jamais;0
33;;184000;23.3;1;4.0;47.0;Finance;Total;1
58;0.3;352 000;11.5;2;4.0;40.0;production; Total ;0
41;1.3;482000;12.0;1;5.0;43.0;Ventes;jamais;0
32;10.0;296000;11.0;1;2.5;43.0;;partiel;0
58;2.4;586000;1.2;2;2.2;38.0;production;jamais;0
57;2.3;270000;5.7;1;2.5;38.0;IT; PARTIEL;1
40;3.5;407 000;9.3;1;2.9;49.0; Finance;partiel;1
22;1.7;362 000;6.0;1;1.0;40.0;rh;total;1
44;1.6;475 000;0.5;0;3.0;36.0;; Jamais;0
43;0.2;354000;0.8;1;2.7;43.0;Ventes;jamais;1
27;6.3;409000;18.8;3;4.0;44.0;Production; Total ;0
46;4.8;415000;11.3;1;3.6;32.0; IT;Jamais;0
53;2.0;340000;10.8;0;2.6;43.0;it; Jamais;0
26;3.9;523000;17.3;1;3.8;48.0;; PARTIEL;0
49;2.0;486 000;9.7;0;3.9;46.0;VENTES; PARTIEL;0
27;0.5;437000;30.3;0;2.4;;production;partiel;1
50;0.6;385000;18.8;0;2.7;51.0;production;partiel;1
37;13.4;569000;;1;1.0;52.0; PRODUCTION;Partiel;0
22;5.1;415000;3.3;0;;60.0;Production; Jamais;1
58;1.8;404000;6.0;1;2.5;48.0;finance; PARTIEL;0
28;5.7;466 000;2.5;2;3.3;44.0; IT;Partiel;0
44;2.9;704000;15.7;1;2.3;49.0;Production;Total;0
28;6.2;249000;1.5;1;2.7;40.0;; Jamais;0
57;4.4;565 000;7.1;0;2.0;44.0;production; Jamais;0
50;5.6;166 000;10.9;1;3.4;39.0;IT;partiel;0
52;0.2;483 000;7.1;3;3.6;45.0;Finance;Jamais;0
38;17.2;686 000;2.4;0;3.6;39.0;IT;;0
39;0.2;523000;5.5;1;3.2;39.0; IT;partiel;0
46;2.0;476 000;1.2;0;1.7;45.0;Ventes; PARTIEL;0
51;0.5;366 000;5.8;2;2.6;42.0; IT; Jamais;0
54;0.9;455000;6.5;0;2.8;32.0;it;jamais;0
22;2.1;412 000;5.6;0;2.8;34.0;VENTES;Jamais;0
47;1.8;332000;6.3;1;3.3;36.0;ventes; PARTIEL;0
26;11.6;407 000;2.3;0;4.6;38.0; RH ; Jamais;0
32;1.9;480 000;27.0;0;4.0;45.0;it;;1
53;12.0;335000;10.3;0;2.2;44.0; PRODUCTION;jamais;0
31;3.5;329000;7.8;0;3.9;49.0;VENTES; Jamais;0
52;2.0;246000;8.7;0;3.8;48.0;rh; Jamais;0
39;3.7;509000;3.8;1;2.4;49.0; Ventes;;0
30;3.5;532 000;20.7;1;4.0;47.0;RH;Partiel;0
34;1.2;485000;1.2;1;3.0;44.0;rh;Jamais;1
42;1.2;595 000;0.5;0;1.8;50.0;finance; Jamais;0
51;9.2;463 000;;0;3.7;49.0; IT;Jamais;0
45;0.3;509 000;7.0;0;3.4;45.0; RH ;jamais;0
57;2.9;496000;3.2;0;3.0;;; Jamais;0
54;12.2;436 000;31.7;2;3.2;32.0; IT;jamais;0
50;1.5;370 000;10.0;0;2.5;41.0; IT;Jamais;1
44;6.7;782 000;5.8;1;3.8;41.0; Finance;jamais;0
33;1.5;382000;12.5;0;3.2;50.0;it;Partiel;0
37;12.5;350 000;1.4;1;3.4;52.0;Production;jamais;0
26;0.6;515000;3.3;1;3.6;34.0; IT; PARTIEL;0
36;2.1;488 000;1.8;0;;51.0;Ventes;partiel;0
57;2.9;239000;1.9;0;2.3;36.0;Ventes; Jamais;0
38;5.5;618 000;12.1;1;1.0;36.0;VENTES;Jamais;0
26;3.4;436000;5.1;2;3.8;42.0;RH; Jamais;0
46;6.1;283 000;6.6;0;2.0;41.0;Production;jamais;0
58;0.6;628 000;3.0;0;3.3;34.0;production;Partiel;0
54;6.4;544 000;1.1;0;3.6;47.0;it;jamais;0
32;9.8;260 000;2.4;1;3.8;47.0;Ventes;Partiel;0
39;5.7;717 000;2.5;0;2.0;49.0;production;jamais;1
42;1.5;549 000;7.5;1;3.1;40.0;Ventes;;0
31;0.9;448000;10.4;0;4.9;43.0;IT;Partiel;0
32;1.3;689000;33.4;0;4.9;43.0;Production; PARTIEL;0
30;0.5;474 000;17.9;1;4.2;53.0; IT;total;1
59;4.4;446 000;36.5;0;3.5;32.0;ventes;Total;0
50;3.2;351 000;12.4;1;2.2;37.0;VENTES;jamais;0
53;3.2;537 000;0.5;0;3.9;43.0;Finance; Jamais;0
53;3.9;521 000;0.9;0;3.0;36.0;VENTES; Jamais;0
17;9.2;452 000;7.3;0;3.8;41.0; Finance;jamais;0
26;0.3;332 000;5.5;0;2.6;42.0;it; PARTIEL;0
55;2.0;469000;2.0;0;3.0;39.0; IT;Jamais;1
24;1.0;440000;;1;;43.0;ventes;jamais;0
40;5.0;250000;10.8;1;;47.0;production;;0
44;8.5;229 000;3.6;0;3.7;42.0; IT; Jamais;0
35;1.4;535000;11.1;0;2.6;40.0;finance; PARTIEL;0
27;2.5;90 000;9.9;0;1.9;42.0;it;Jamais;1
29;0.2;481 000;4.1;0;8.0;43.0;VENTES;Partiel;0
53;2.5;378000;6.2;0;5.0;33.0;it;;0
34;1.5;646 000;3.0;2;3.6;46.0;RH;jamais;0
33;3.9;376 000;7.6;1;1.9;40.0; IT;Partiel;0
57;2.7;549000;21.0;1;2.4;51.0; PRODUCTION;Jamais;0
27;6.5;390000;12.0;0;3.7;47.0;Production;partiel;0
56;2.2;467000;8.0;0;4.5;50.0; PRODUCTION;Partiel;0
56;2.5;561 000;11.1;0;2.0;37.0;;Jamais;0
44;7.5;381 000;4.4;0;3.1;41.0;RH;Partiel;0
28;2.3;599000;4.3;2;3.4;36.0; Finance;Total;0
27;4.0;301 000;1.2;0;4.1;39.0;it;;0
32;1.0;494 000;3.9;0;2.9;51.0;production; PARTIEL;0
43;5.7;588 000;6.3;0;1.6;52.0;production; PARTIEL;1
27;4.1;549000;3.4;1;3.8;36.0;Ventes;Jamais;0
39;4.3;737000;0.5;2;4.3;40.0; PRODUCTION;Partiel;0
26;4.5;335 000;0.5;1;3.1;;Production;Partiel;0
42;3.8;243000;;0;3.6;47.0; IT;jamais;0
22;0.3;301 000;1.9;0;2.7;32.0; PRODUCTION;Jamais;0
48;;549000;5.0;1;2.4;33.0;Ventes;Jamais;0
24;8.4;525 000;7.3;1;4.2;46.0; Ventes; Jamais;0
29;7.0;465 000;7.1;0;3.6;32.0;;jamais;0
28;6.9;282 000;1.7;0;3.7;40.0;rh; Jamais;0
53;11.7;565000;12.0;1;4.7;44.0;it;Partiel;0
24;3.4;266000;19.1;0;2.1;45.0;Production; Jamais;1
38;3.1;624000;7.6;0;2.6;42.0; Ventes; Jamais;0
44;2.8;879 000;6.4;2;3.4;41.0; IT; PARTIEL;0
41;0.3;505 000;1.7;1;2.6;48.0;Finance;jamais;0
47;2.9;537 000;0.5;1;4.0;45.0;VENTES; Jamais;0
52;5.3;376 000;10.8;0;3.0;39.0; Finance;partiel;0
36;1.3;178 000;20.6;1;2.2;43.0;it;total;1
53;8.9;360000;24.1;0;3.3;45.0; PRODUCTION;Partiel;0
34;4.0;286000;0.5;2;3.4;53.0;Finance;Jamais;0
59;4.8;233000;8.9;1;4.1;48.0; Ventes; Jamais;0
41;3.8;708 000;5.0;0;3.6;50.0; Ventes;Total;0
49;6.8;491 000;0.5;1;3.7;39.0; Ventes;Partiel;0
55;2.5;507000;4.1;1;3.5;40.0; PRODUCTION;Partiel;0
52;3.1;404 000;2.3;0;3.0;; Finance;partiel;0
54;1.1;424000;6.0;0;2.5;; IT; Jamais;0
42;2.9;595000;9.0;0;3.5;37.0; Ventes;Jamais;0
23;1.1;445 000;5.9;2;2.9;51.0; PRODUCTION;Partiel;0
40;7.2;530 000;7.6;0;4.9;48.0; Ventes; Total ;0
28;3.4;421000;7.3;0;4.5;41.0;finance;Jamais;0
55;3.4;399000;0.5;0;3.8;47.0;Production;partiel;0
30;6.4;239000;27.1;0;3.6;44.0;IT; Jamais;1
30;1.0;153000;12.5;2;3.1;47.0; RH ;total;0
31;;411000;0.5;0;1.9;35.0;ventes;Jamais;0
46;12.3;458 000;2.0;1;3.0;42.0;it; PARTIEL;0
43;3.7;257000;2.1;0;3.3;43.0; PRODUCTION;Jamais;0
58;3.4;445000;0.9;0;3.4;47.0;Finance;Partiel;0
37;0.2;458 000;0.6;0;3.7;39.0;Production;Partiel;0
32;2.0;127 000;5.5;0;4.1;32.0;RH;jamais;0
23;9.2;313000;0.9;1;2.5;37.0;Ventes; PARTIEL;0
22;6.7;511000;11.2;1;;43.0;finance;total;0
36;2.0;508 000;5.6;1;4.7;43.0; RH ;Total;0
57;4.2;277000;2.0;0;4.0;53.0;ventes;jamais;0
41;1.9;474000;10.4;0;2.8;46.0;it;Partiel;0
55;2.4;603000;9.0;0;3.1;43.0;Finance;partiel;0
25;1.7;567 000;22.9;0;3.1;43.0; Finance;Partiel;0
25;1.0;436 000;1.4;1;3.2;50.0; Ventes; Jamais;0
53;3.2;380 000;1.2;0;3.7;39.0;Production; PARTIEL;0
26;2.7;356000;;0;5.0;42.0;it; Jamais;0
23;12.3;520000;3.5;2;3.4;36.0;ventes;Jamais;0
37;0.5;479 000;14.7;1;3.9;52.0;VENTES;Jamais;0
57;2.4;544000;25.5;1;1.5;45.0;Production;;0
48;5.8;470 000;7.2;1;2.7;39.0;; Jamais;0
25;2.9;573000;13.4;0;4.4;42.0; IT;;0
53;10.6;464 000;33.3;1;3.6;46.0;Ventes;Partiel;0
54;1.9;568000;0.5;0;1.0;41.0; Finance; PARTIEL;1
52;0.7;581000;19.3;0;3.9;40.0; PRODUCTION;jamais;0
56;8.6;329000;3.0;2;5.0;39.0;it;Partiel;0
31;0.3;179 000;0.5;0;1.2;45.0;Production;Total;1
59;2.2;682 000;4.0;0;4.7;41.0;ventes;Total;0
34;1.7;488 000;22.9;0;1.0;40.0; Ventes; PARTIEL;1
52;3.7;193000;4.2;1;4.1;35.0;RH;Total;0
44;5.2;343 000;5.7;0;3.2;43.0;finance;Partiel;0
51;2.6;566000;2.2;0;1.0;42.0; Ventes;;0
45;7.5;408000;0.5;1;3.6;41.0;;Total;0
46;0.2;373 000;19.1;1;4.4;44.0; IT;Jamais;0
45;1.6;660 000;6.9;0;3.6;47.0;RH; Total ;0
51;3.5;293 000;0.6;1;3.8;47.0; Finance; PARTIEL;0
50;1.9;330000;8.0;1;2.8;46.0;production;partiel;0
27;0.6;482000;2.2;2;1.3;42.0;IT; Total ;1
53;0.9;509 000;0.5;0;3.9;40.0; Finance; Jamais;0
42;2.0;524000;3.7;2;4.9;37.0;rh;jamais;0
34;;587 000;14.1;0;4.3;39.0;it; PARTIEL;0
41;5.2;480 000;16.7;1;1.2;43.0;;;0
58;4.7;523000;9.9;1;1.7;38.0; PRODUCTION;Total;0
54;4.5;411000;8.3;0;2.4;44.0;Ventes; Total ;0
53;3.9;459 000;2.1;1;1.6;37.0;Production;Partiel;0
39;5.6;466000;1.3;0;3.2;33.0;Ventes; Total ;0
51;11.8;482000;13.4;1;3.6;48.0;production;jamais;0
36;1.4;566000;3.6;0;1.8;40.0;Ventes; Total ;0
48;8.6;533000;21.0;1;4.0;38.0; PRODUCTION;jamais;0
46;0.2;457 000;6.4;1;3.8;36.0;Finance;Partiel;0
31;12.2;329 000;10.2;0;2.7;46.0; Ventes;jamais;0
32;0.4;460000;8.3;0;3.0;51.0; Finance; PARTIEL;0
24;0.5;446000;5.2;1;1.3;41.0; Finance; Jamais;1
27;2.3;479 000;0.5;3;2.9;42.0;IT; Jamais;0
38;0.7;781 000;1.1;0;3.2;49.0;Ventes; PARTIEL;0
40;0.2;371 000;1.9;2;3.4;32.0; Finance; PARTIEL;0
28;0.2;513 000;0.6;0;3.6;55.0;finance; Jamais;1
37;1.3;610 000;1.1;0;3.4;58.0; IT;partiel;1
44;7.0;465 000;6.5;1;2.9;32.0;Production;jamais;0
30;0.5;801 000;7.2;0;3.5;42.0; Ventes;;0
34;3.7;393000;9.8;1;4.2;39.0;Ventes; Jamais;0
35;6.9;499000;1.6;0;3.1;41.0;rh;partiel;0
41;0.9;330 000;12.5;0;3.5;40.0;Ventes; PARTIEL;0
35;1.4;397 000;1.9;0;3.0;48.0;VENTES; PARTIEL;0
50;20.3;487 000;0.5;3;2.6;42.0;rh;Partiel;0
34;4.8;577000;3.9;1;3.7;38.0;IT; PARTIEL;0
38;2.9;498000;1.6;1;2.6;42.0;ventes; PARTIEL;0
36;7.4;639000;7.1;0;3.6;46.0;finance;total;0
28;0.4;436000;20.4;2;3.2;36.0; RH ;Jamais;0
48;6.2;400 000;4.6;1;2.9;33.0;production;Jamais;0
30;5.5;856 000;19.9;0;2.9;55.0;rh; Jamais;0
33;1.8;509 000;3.7;0;2.7;39.0; IT;Partiel;0
52;1.5;342 000;0.5;0;1.6;42.0; Ventes;partiel;0
58;3.3;346 000;19.1;1;3.6;41.0;;jamais;0
47;5.8;309000;5.1;0;3.4;46.0;VENTES;Total;0
56;6.4;590 000;15.5;0;4.0;54.0;VENTES; Total ;0
54;9.0;395000;1.9;2;2.7;46.0; PRODUCTION;jamais;0
40;0.8;469 000;6.3;0;5.0;34.0; Finance;Jamais;0
51;1.1;440 000;0.7;1;2.8;35.0;finance;Jamais;0
34;5.4;560000;7.4;0;2.3;41.0; Ventes;jamais;0
39;0.8;323 000;4.0;0;2.2;41.0;Ventes;Total;0
42;0.2;289 000;13.1;0;1.5;33.0; IT; PARTIEL;0
58;1.0;484 000;7.5;0;4.7;48.0;;jamais;0
54;1.4;540000;7.8;0;4.6;36.0; IT;jamais;0
40;1.5;500 000;3.6;0;3.8;52.0; Ventes;jamais;0
46;4.5;329000;8.4;0;2.3;54.0;ventes;Jamais;0
29;4.1;552000;10.9;1;5.0;42.0;RH;jamais;0
52;2.4;338000;6.0;0;2.8;46.0; Finance;partiel;1
43;5.2;372 000;14.1;1;2.9;36.0; Ventes;Partiel;0
42;2.7;308000;2.1;0;4.6;47.0;VENTES;total;0
51;4.2;645 000;5.5;0;3.9;40.0; Ventes;jamais;0
46;12.6;545000;7.7;0;5.0;36.0; Ventes;Partiel;0
24;5.7;541000;3.4;0;3.4;41.0;RH;;0
32;1.3;637 000;1.8;0;2.8;;Ventes;jamais;0
28;0.7;872 000;0.8;0;2.6;41.0; Finance;Total;0
49;11.4;194000;;2;1.4;49.0;Production;partiel;0
23;4.3;339000;2.2;0;2.9;38.0;Production;Jamais;0
29;7.1;358000;0.5;0;4.3;53.0; PRODUCTION;jamais;0
44;3.5;322 000;6.6;2;3.8;35.0; Ventes;Partiel;0
48;3.5;288000;0.9;0;3.2;53.0;Ventes;total;0
41;28.8;405000;16.6;0;2.2;37.0;it;Partiel;0
54;9.9;268000;0.7;2;3.4;43.0;finance;Jamais;0
56;0.3;500 000;10.9;1;4.2;40.0;Ventes;Jamais;0
27;0.8;458000;8.0;2;3.6;41.0;it;Jamais;0
58;1.8;522000;0.5;0;3.4;48.0;it;;0
45;1.7;526 000;3.5;1;2.4;52.0;VENTES;Partiel;1
46;0.8;540 000;13.5;1;4.1;50.0;Finance;Partiel;0
25;4.4;394 000;1.3;1;1.0;41.0; Finance;Jamais;1
45;2.2;768 000;4.9;0;3.6;44.0;RH; PARTIEL;0
49;8.7;485000;13.7;0;5.0;38.0; PRODUCTION; PARTIEL;0
44;1.7;171 000;1.5;0;1.7;37.0;VENTES;Partiel;0
25;;300000;2.2;0;3.0;36.0;ventes;Jamais;1
41;2.2;189 000;0.8;1;3.2;40.0;IT; Jamais;0
57;4.3;453000;18.9;0;2.7;44.0;Finance; Jamais;1
49;1.2;432000;0.7;0;4.2;32.0;rh; Jamais;0
27;7.1;380000;23.6;0;3.7;43.0; Ventes;Jamais;1
58;13.7;752000;3.9;2;-1.0;52.0; PRODUCTION;jamais;0
58;0.3;532 000;12.2;3;4.0;50.0;IT;Jamais;0
28;0.2;559000;10.6;0;3.2;39.0;IT;jamais;0
52;2.1;310000;7.4;0;5.0;35.0;finance;Total;0
37;3.1;300 000;4.4;2;3.4;46.0;production;Partiel;0
99;5.2;456000;7.1;0;3.4;32.0; Finance;jamais;0
38;2.1;476 000;2.9;2;1.5;50.0; PRODUCTION; Total ;0
51;2.5;172000;8.4;1;2.7;42.0; Ventes;jamais;0
59;3.7;423 000;0.5;0;4.3;54.0;finance;;0
52;2.0;452000;0.5;0;1.9;33.0;production;;0
57;13.7;418 000;0.9;2;;49.0;rh; Jamais;0
57;0.3;328 000;1.4;0;3.2;42.0; IT;Jamais;1
25;0.5;369 000;2.1;0;4.6;41.0;Production;Jamais;0
31;3.0;423000;13.7;0;3.2;35.0;VENTES;partiel;0
49;1.2;464 000;28.5;0;2.9;47.0; IT; PARTIEL;0
-5;6.9;541000;1.6;0;1.3;47.0;; Jamais;0
23;1.7;612000;0.5;0;3.7;54.0;production; Jamais;0
25;0.9;406000;1.8;0;3.9;49.0;production;Jamais;0
41;0.7;382 000;9.1;0;1.4;39.0; PRODUCTION;partiel;0
45;3.9;516000;13.6;1;4.3;37.0;Ventes;Jamais;0
28;0.7;542000;4.0;2;4.0;35.0;production;Total;0
28;2.3;385 000;3.7;0;4.3;52.0;it;Partiel;1
26;4.6;569 000;6.9;0;3.8;38.0; Finance; Jamais;0
43;5.2;597000;9.7;1;3.9;52.0;IT;Partiel;0
22;1.9;644 000;6.1;0;3.7;46.0;;jamais;0
43;0.2;717 000;0.5;0;4.1;45.0;rh;;0
40;1.8;320 000;30.0;0;1.4;41.0;production; Jamais;1
39;2.2;452000;3.8;0;-1.0;47.0;;;1
47;2.5;452000;4.7;1;2.5;43.0;Ventes;partiel;0
41;1.1;435000;0.7;0;;41.0;IT;total;0
49;16.8;353000;0.5;1;3.6;47.0;ventes; Jamais;0
51;5.5;227 000;0.5;1;3.5;42.0;finance; Jamais;0
56;0.4;464 000;5.7;0;4.3;38.0;IT;partiel;0
52;0.3;335 000;0.5;1;4.3;47.0;RH;jamais;0
41;2.4;463 000;24.1;0;2.3;43.0;ventes;jamais;1
40;6.4;331 000;5.0;2;3.4;46.0;ventes;total;0
30;0.3;285000;4.9;0;2.4;40.0; Finance; PARTIEL;1
44;6.5;485 000;14.3;0;3.0;36.0;IT;Total;0
27;4.3;473 000;4.7;1;3.5;53.0;VENTES; Jamais;0
57;6.7;537 000;1.6;0;1.0;52.0;Ventes;jamais;0
54;6.9;778 000;8.4;1;5.0;48.0;ventes;Jamais;0
26;5.5;492 000;0.5;0;3.8;41.0; Finance;Total;0
51;3.8;523 000;1.0;0;2.6;41.0; Ventes;jamais;0
26;;288 000;6.7;0;5.0;51.0; IT;Jamais;0
49;4.0;257000;0.5;1;2.9;41.0;Finance;Jamais;0
25;3.4;687000;6.1;0;3.3;39.0; RH ;Partiel;0
40;3.0;311000;15.3;0;2.7;54.0;RH; PARTIEL;1
46;5.6;293000;34.1;0;4.9;43.0; Ventes;;0
49;1.4;444000;11.6;0;3.1;54.0;Production;Jamais;0
37;17.2;436000;1.7;0;3.3;35.0; IT; PARTIEL;0
57;6.4;315000;3.2;1;4.4;46.0;IT;jamais;0
51;0.7;404000;2.4;0;3.8;55.0; PRODUCTION; Jamais;0
29;5.1;634 000;2.6;1;3.1;43.0;finance;Jamais;0
47;5.3;329 000;;1;4.3;41.0;finance;;1
49;0.5;241 000;14.5;0;5.0;36.0;production;Jamais;0
34;2.2;591 000;3.4;1;3.5;49.0;Ventes; Total ;0
50;1.4;524000;0.5;0;3.3;38.0;Production;jamais;0
56;0.8;357 000;2.6;0;3.4;42.0; Finance;Jamais;0
53;1.2;213000;5.7;1;4.5;36.0; IT; PARTIEL;0
50;5.5;338000;1.9;0;2.6;52.0;VENTES; PARTIEL;0
46;2.8;442 000;;1;2.9;50.0; Ventes;jamais;0
32;1.4;625 000;13.5;0;1.7;43.0;Production; PARTIEL;1
52;0.9;295 000;2.2;0;2.0;36.0;ventes;Jamais;0
35;7.2;437 000;5.0;0;2.7;52.0;ventes;jamais;0
42;2.5;551000;5.5;0;3.1;41.0;finance; PARTIEL;0
33;4.8;93000;14.3;0;5.0;36.0;finance;partiel;1
33;2.2;605000;3.8;0;3.7;32.0;VENTES;Jamais;0
27;1.2;273000;6.4;0;2.3;39.0;production;;0
58;5.6;500000;3.2;0;2.5;34.0;RH; PARTIEL;0
27;2.9;487000;3.5;1;4.6;39.0; PRODUCTION; Jamais;0
25;4.1;613 000;36.1;2;4.3;47.0; Ventes;total;0
57;7.6;533 000;5.2;2;;41.0;ventes;Partiel;0
43;10.3;93 000;29.3;1;2.8;45.0;finance;Total;1
38;;332000;4.4;1;4.3;39.0;VENTES; Jamais;0
50;3.9;471000;0.5;0;2.2;43.0; RH ; PARTIEL;1
36;6.4;421000;0.8;0;0.0;55.0;VENTES;Jamais;0
26;1.3;522000;0.5;1;5.0;41.0;production;jamais;0
49;1.6;568000;8.0;0;3.4;45.0;Production;jamais;0
28;5.2;541 000;6.3;0;2.4;34.0;production;jamais;0
43;1.5;418 000;1.9;0;3.6;52.0; PRODUCTION;total;1
58;1.5;173000;9.8;2;2.7;40.0; PRODUCTION; PARTIEL;0
57;8.5;382000;12.8;0;1.8;49.0; IT; PARTIEL;0
35;6.8;512000;6.3;0;3.9;42.0; IT;Partiel;0
51;1.6;286 000;4.3;0;4.3;47.0;production;partiel;0
45;2.4;545000;3.2;2;2.9;47.0;Production; PARTIEL;1
40;7.0;586000;1.8;1;2.8;40.0;production;Partiel;0
27;;469000;5.2;1;2.2;50.0;; PARTIEL;1
36;;90 000;7.3;1;3.1;38.0;VENTES;partiel;1
46;0.8;258000;5.0;1;2.6;48.0; PRODUCTION;jamais;1
59;7.8;733000;5.7;0;2.2;41.0;production;;0
22;2.6;368000;27.4;0;5.0;45.0;finance; Jamais;0
49;0.7;152000;21.2;0;3.7;40.0;Production;jamais;1
54;0.2;635000;3.9;0;3.8;43.0;RH;total;0
58;0.2;452000;2.3;1;4.1;37.0;Production;jamais;0
38;1.6;616000;60.0;0;4.0;44.0;Ventes;Jamais;1
26;6.2;492 000;0.9;1;2.8;43.0;Production;;0
32;0.2;519 000;9.0;0;3.5;40.0;VENTES;Jamais;0
54;5.3;504 000;13.5;0;2.9;43.0;;Total;0
55;8.9;555000;0.5;0;-1.0;44.0; Ventes; PARTIEL;0
46;;792 000;23.2;0;3.5;39.0;IT;Jamais;0
26;5.3;596 000;4.7;2;2.8;42.0;VENTES; Total ;0
26;0.2;213000;8.5;0;1.9;37.0;;partiel;1
40;0.5;517000;1.3;1;3.3;57.0;rh; Total ;0
44;1.1;621 000;24.7;0;3.0;49.0;production;Jamais;0
23;2.2;630 000;13.5;1;1.3;45.0; Ventes; Jamais;0
48;5.0;386000;7.8;0;3.7;50.0;VENTES;Jamais;0
42;7.0;625 000;2.9;0;4.2;32.0; PRODUCTION; Jamais;0
22;1.9;589 000;8.6;0;5.0;32.0;finance;partiel;0
25;2.9;836 000;9.8;1;2.8;41.0;;Jamais;0
39;16.1;337 000;28.9;0;2.7;35.0; PRODUCTION;partiel;1
49;3.2;374000;1.0;0;2.1;42.0;Production;Partiel;0
53;2.1;404 000;4.8;0;3.4;44.0; RH ;Jamais;0
38;6.9;376000;2.0;0;;49.0;production; Jamais;0
33;21.8;316 000;2.6;0;2.4;36.0;Finance;partiel;0
58;2.2;90 000;22.2;1;3.0;45.0;; Total ;1
39;4.4;385 000;0.8;1;1.2;43.0; IT; Jamais;0
33;9.8;505000;12.7;2;4.1;45.0;ventes;total;0
38;1.8;376 000;26.2;0;2.4;40.0;Ventes;partiel;1
22;2.4;740 000;0.5;1;;51.0; PRODUCTION;Partiel;0
33;3.1;452 000;2.2;1;1.8;42.0; Finance;Jamais;0
99;3.4;644000;3.4;0;2.6;54.0;IT; PARTIEL;0
56;5.4;489 000;1.0;0;2.9;38.0;finance;Partiel;0
50;4.8;574000;0.6;1;3.2;47.0;Ventes;jamais;0
51;2.2;492000;2.2;1;3.7;43.0;ventes;Total;0
42;10.3;655000;1.6;0;4.6;41.0;production; Total ;0
26;2.3;458000;8.9;0;3.9;47.0;IT;jamais;1
36;1.1;524 000;;0;4.2;41.0; Ventes;;0
59;3.9;505000;9.3;0;4.6;32.0;it; PARTIEL;0
23;7.3;407000;22.0;1;3.8;32.0;it;Partiel;0
55;;511 000;0.7;0;3.2;51.0; Finance;Partiel;0
48;3.6;785000;5.3;1;4.2;50.0;Production;jamais;0
32;1.6;409 000;4.7;0;4.3;54.0; RH ;Jamais;1
51;0.2;513000;22.8;1;3.8;43.0;RH;Jamais;0
53;1.1;639000;1.8;1;1.7;35.0;IT;Total;0
23;4.7;621000;10.9;0;2.4;40.0;rh; Jamais;0
26;5.6;452 000;1.6;0;2.9;43.0;IT;Total;0
47;1.1;92000;0.7;1;4.0;37.0;Ventes;Jamais;1
59;4.0;528000;7.6;0;3.2;53.0;production; Jamais;1
22;2.2;117 000;7.4;2;4.3;56.0;;Total;1
47;3.7;670000;25.4;1;4.5;46.0;it;Partiel;0
27;0.2;475000;0.9;1;4.4;; Ventes;jamais;0
46;0.6;600000;3.5;0;4.4;35.0;Production;Jamais;0
45;0.9;315000;19.1;0;2.2;52.0;Ventes; Jamais;1
25;1.4;217 000;6.9;0;3.7;;it;jamais;0
47;2.2;489 000;11.5;1;;41.0; PRODUCTION; Jamais;0
56;2.3;445 000;0.9;0;1.6;46.0; IT;Partiel;0
54;2.2;376 000;0.5;0;2.9;39.0;Production;jamais;0
23;0.6;463 000;5.2;2;4.5;44.0;ventes;Jamais;0
31;;865000;2.9;0;3.7;34.0;finance;Jamais;0
31;1.7;575 000;8.7;0;5.0;50.0; PRODUCTION;jamais;0
39;3.2;607000;13.0;2;3.4;42.0;RH; Total ;0
27;7.9;577 000;19.9;1;5.0;50.0;finance;;0
54;0.5;672 000;;1;3.4;42.0; IT; Jamais;0
51;3.3;421000;9.6;0;3.2;42.0;production;Partiel;0
52;;142000;0.7;0;1.9;36.0; PRODUCTION;Total;0
29;6.7;422 000;3.0;0;4.3;48.0;finance;partiel;0
22;2.6;572000;6.3;1;2.7;38.0;production;partiel;0
56;1.7;305 000;22.4;2;2.6;40.0;RH;total;0
32;0.2;424 000;0.5;1;4.5;43.0; RH ; PARTIEL;0
46;10.8;346 000;12.6;0;4.4;44.0;IT;Total;0
56;0.5;675000;2.5;0;4.3;33.0; Finance; Jamais;0
23;3.9;562 000;1.2;0;2.8;42.0; PRODUCTION; PARTIEL;1
22;1.5;548000;1.0;1;3.1;48.0;finance; Total ;1
22;13.2;543000;4.2;0;3.1;41.0;VENTES;;0
27;0.7;444 000;19.7;0;4.0;42.0; RH ;jamais;1
23;10.8;480000;9.7;0;4.8;44.0; PRODUCTION; PARTIEL;0
53;16.5;272 000;14.8;1;3.6;42.0;Production; Jamais;0
45;1.3;122 000;7.5;1;5.0;37.0;Ventes; PARTIEL;0
59;0.4;473 000;5.5;1;4.1;43.0;Ventes; Jamais;0
52;4.3;499 000;42.6;1;3.0;49.0;IT;partiel;0
58;1.2;631 000;;0;4.0;37.0;VENTES;Partiel;0
31;1.6;686 000;18.3;1;4.9;41.0;Production;Jamais;0
32;5.4;685000;0.5;0;5.0;35.0;IT;Jamais;0
54;8.5;300 000;;1;4.4;49.0; RH ; Jamais;0
31;3.7;397 000;7.7;2;3.2;42.0;ventes;Partiel;0
24;6.6;522000;18.7;1;3.0;38.0; IT;partiel;0
47;0.5;830 000;10.2;1;3.8;44.0; PRODUCTION; PARTIEL;0
52;10.0;672000;0.5;1;4.9;36.0;it;Jamais;0
58;0.6;618000;11.1;1;3.6;37.0;VENTES;partiel;0
57;0.5;392 000;12.9;1;;;VENTES;partiel;0
26;1.2;318 000;34.6;0;3.3;37.0;Production; Jamais;1
51;3.0;568 000;0.5;1;2.9;51.0;Production;jamais;0
54;0.7;285 000;0.8;0;3.0;39.0;ventes;;0
48;10.3;414000;15.4;1;3.3;46.0;finance; Jamais;0
53;1.0;433000;9.2;0;4.9;38.0;VENTES; Jamais;0
53;8.6;689000;3.9;0;3.0;48.0;RH; Jamais;0
38;10.0;397 000;;0;3.3;37.0;Ventes; Jamais;0
23;2.3;90000;6.4;0;2.3;43.0;Production; Jamais;0
39;9.0;526 000;20.0;0;3.9;43.0;Production; Jamais;0
29;6.7;345000;;0;4.6;57.0;VENTES; PARTIEL;1
26;2.1;456000;5.5;0;4.8;47.0;it;Partiel;0
26;;437 000;4.8;0;3.4;39.0;VENTES;jamais;0
48;4.6;409 000;4.0;1;3.8;47.0;IT;Partiel;0
41;1.3;569 000;7.0;0;3.0;56.0;Ventes;partiel;1
42;14.9;220000;12.6;0;3.7;33.0;VENTES;jamais;0
50;;372 000;11.0;1;3.5;38.0;Production;;0
42;7.5;553000;17.8;0;3.3;42.0;;jamais;0
45;2.3;358000;7.4;0;3.3;40.0;production; PARTIEL;0
25;4.3;209 000;8.5;0;3.7;41.0;Ventes; Jamais;0
54;1.1;550000;5.1;3;0.0;35.0;RH; Jamais;0
39;1.5;618 000;17.5;0;3.0;51.0;;Partiel;1
27;5.7;443 000;36.8;0;4.9;34.0;production; Total ;0
52;8.1;156000;4.1;0;;42.0; Ventes;Jamais;0
49;16.4;556 000;10.0;0;2.0;49.0; Ventes;partiel;0
24;2.8;201000;1.8;1;1.9;43.0;Finance;jamais;1
29;0.2;496000;7.3;1;2.2;37.0;Finance;Partiel;0
22;;317 000;11.5;0;3.1;35.0;finance; PARTIEL;0
32;0.8;276000;2.9;2;4.1;42.0;ventes;;0
25;13.4;384 000;5.1;1;3.8;38.0; Ventes;jamais;0
48;1.5;423000;26.7;0;3.4;44.0;Production;Jamais;0
41;1.6;353000;0.5;0;3.7;35.0;finance;;0
59;10.8;538000;18.0;0;-1.0;48.0; Finance;Jamais;0
50;3.2;383000;28.7;1;3.0;44.0;it; Total ;0
45;1.7;597 000;9.0;1;3.2;44.0;ventes;;0
41;0.2;492000;8.6;0;1.6;52.0;production;Jamais;1
24;0.4;345 000;4.4;0;2.0;40.0;finance;jamais;1
24;1.0;320000;17.1;0;2.1;39.0; Ventes; Jamais;1
45;1.1;203 000;8.7;1;4.0;40.0;Production;;0
22;2.4;494 000;7.1;1;3.4;42.0;RH;jamais;1
23;3.6;397 000;5.5;0;3.8;42.0; IT;Partiel;0
30;;94 000;9.2;0;1.4;38.0;it;;1
55;3.5;370 000;0.5;0;1.7;32.0;Finance;Total;0
39;;315 000;3.2;1;3.9;40.0;it; PARTIEL;0
48;7.1;686000;6.3;0;1.0;45.0;RH;Total;0
37;3.1;195000;7.0;0;4.4;44.0;finance;Total;0
28;2.8;234 000;5.1;0;1.4;50.0; Ventes;jamais;1
36;1.9;616000;17.9;1;4.0;55.0;Production;Total;0
25;2.7;654 000;9.4;3;2.3;48.0; IT;Total;0
51;1.5;338000;7.6;1;4.2;51.0;IT;Jamais;0
28;1.2;355 000;27.1;0;5.0;48.0;Finance; PARTIEL;0
36;3.5;542000;16.4;0;1.0;53.0; Finance; Jamais;1
59;1.6;101 000;19.4;1;3.9;54.0;it;Partiel;1
44;1.6;171 000;15.1;0;1.4;49.0; Finance;jamais;1
39;12.8;408000;10.0;1;3.6;47.0; PRODUCTION;partiel;0
42;4.6;682000;12.4;0;3.0;42.0; PRODUCTION;jamais;0
51;2.0;385000;3.7;1;3.3;43.0;Production;partiel;0
31;4.4;465 000;1.5;1;2.3;41.0;Ventes; Jamais;0
46;7.2;620000;10.7;2;4.0;47.0;IT;partiel;0
55;15.8;766000;0.8;0;1.8;39.0;rh;jamais;0
43;3.3;363 000;8.4;0;4.4;42.0;ventes; PARTIEL;0
38;0.2;447 000;0.5;0;2.8;32.0; PRODUCTION;jamais;0
27;2.9;723 000;8.6;0;1.8;53.0;IT;Jamais;1
31;0.3;222 000;1.3;1;4.8;42.0;IT;Jamais;0
57;13.7;604 000;4.6;1;3.1;46.0; Ventes;total;0
42;0.6;297 000;2.6;1;5.0;52.0;it;Jamais;0
33;0.3;465000;5.3;0;4.4;45.0; IT; PARTIEL;0
37;9.2;414000;4.1;1;2.4;52.0;Finance;jamais;0
43;2.3;306000;1.0;1;3.1;36.0;rh;Partiel;0
42;2.9;303000;0.9;1;3.3;57.0;VENTES;jamais;0
48;2.3;491 000;0.5;1;4.7;50.0; Ventes; Jamais;0
31;10.6;599000;5.9;0;3.6;44.0; PRODUCTION; Jamais;0
46;3.5;431000;0.7;0;3.4;52.0;; Jamais;0
38;2.6;461000;3.3;0;3.0;;RH; Jamais;0
57;0.5;536 000;3.1;0;3.1;41.0; RH ;jamais;0
28;11.7;304000;3.5;1;4.5;52.0;rh; PARTIEL;0
27;1.1;561000;6.6;1;3.2;32.0;Production; Total ;0
39;11.1;573000;2.2;0;2.8;46.0;Finance;jamais;0
41;0.2;841000;3.9;0;2.6;46.0;Production;total;0
48;8.2;394000;37.8;0;2.6;55.0;Production; Jamais;1
37;2.2;381000;14.7;0;1.8;34.0; Ventes;jamais;1
56;;565000;20.5;0;2.4;53.0; Ventes;Jamais;0
40;7.1;573000;4.4;0;4.7;40.0;IT;Jamais;0
26;0.5;370000;2.3;1;3.0;40.0;IT;;0
26;0.5;390 000;5.7;0;3.9;36.0;RH;Total;0
58;1.6;531000;3.7;0;1.0;36.0;VENTES;Partiel;0
27;14.0;326 000;16.0;0;3.8;45.0;ventes;Partiel;0
58;3.6;388 000;17.6;1;3.0;36.0;IT;jamais;0
32;3.5;463 000;7.7;1;2.7;47.0; Finance;jamais;1
25;7.1;599 000;5.4;0;3.4;39.0; Finance;partiel;0
33;4.9;359 000;4.3;1;2.7;36.0;Production;jamais;0
45;4.8;174 000;6.5;1;1.1;40.0;VENTES; Jamais;1
38;7.7;163 000;1.4;1;4.1;45.0; IT;Jamais;0
51;3.4;261000;19.2;0;;41.0;Production;jamais;0
45;5.3;253000;2.9;1;2.9;; Finance;partiel;0
37;;427000;2.8;0;2.2;47.0;rh;Jamais;1
46;3.0;272 000;27.3;2;1.7;49.0;rh;Jamais;1
58;3.9;345 000;20.8;1;3.4;41.0;Ventes;Total;0
37;2.0;334000;10.8;1;4.8;37.0;Production;Total;0
27;;384 000;1.7;0;3.4;43.0; Finance;Jamais;0
37;9.5;648000;8.2;0;1.8;46.0; RH ;Jamais;0
53;0.7;549000;8.2;1;3.4;34.0;RH;Partiel;0
30;7.4;452000;1.5;0;3.1;38.0;IT;;0
58;0.3;381 000;1.1;0;4.1;39.0; Ventes; Jamais;0
44;0.9;385 000;1.6;0;3.8;42.0;;jamais;0
44;3.4;499000;6.7;0;1.0;38.0; RH ;Jamais;0
34;7.7;538 000;1.2;1;3.7;47.0; Ventes; Total ;0
56;14.6;314000;1.7;1;2.2;33.0;it;Partiel;0
23;4.2;455000;4.0;1;1.8;34.0;Production;Total;0
33;0.2;145 000;5.4;2;3.0;41.0; IT;partiel;0
37;6.1;482 000;9.4;0;3.6;42.0; IT;partiel;0
40;0.9;564 000;1.7;0;1.6;34.0;finance;Partiel;0
40;1.0;408 000;22.9;1;3.9;39.0;production; PARTIEL;0
27;0.4;722000;2.7;0;4.0;41.0;Finance;Jamais;0
30;2.6;318000;10.5;1;3.2;41.0;production;Jamais;0
25;1.6;483000;0.5;0;2.3;44.0;Ventes;partiel;0
43;8.2;445 000;5.1;0;2.2;39.0;production;jamais;0
35;5.1;435 000;2.8;0;4.2;52.0;Production; Jamais;0
43;1.8;433000;12.8;2;1.7;46.0;rh;Jamais;1
44;1.5;466000;18.1;0;4.3;38.0;Finance;partiel;0
48;2.9;577000;;0;3.0;44.0; Ventes;Jamais;0
42;1.1;657000;44.5;0;3.1;44.0;it;Jamais;1
46;0.2;450000;1.0;1;1.5;50.0;VENTES;jamais;1
44;1.8;572 000;7.6;0;3.1;39.0;Ventes; Jamais;0
46;1.2;345 000;3.9;0;3.8;48.0;Production;Total;1
45;5.2;565000;6.9;0;1.9;43.0;Ventes; Jamais;0
34;4.2;336 000;2.0;1;3.7;52.0;rh;jamais;0
31;1.0;614000;12.2;1;3.3;51.0;IT;jamais;0
51;8.0;782 000;11.4;1;2.6;44.0; IT; PARTIEL;0
35;3.3;432 000;3.6;2;4.1;41.0; IT;Partiel;0
42;12.1;121 000;1.7;1;1.0;46.0; IT;Jamais;0
29;6.0;368000;6.1;1;3.5;42.0;Finance; Jamais;0
38;9.3;635000;7.3;0;4.8;53.0;production;Partiel;0
42;12.7;533 000;7.5;0;4.6;43.0;it; Total ;0
45;2.1;487 000;7.0;0;3.6;41.0;production; Jamais;0
42;4.4;601 000;1.5;0;2.9;40.0;finance; Jamais;0
35;0.7;523 000;7.3;0;2.6;36.0; Finance;jamais;0
58;1.1;633000;4.9;1;2.9;46.0;VENTES;jamais;0
41;0.9;588 000;;0;3.7;38.0;ventes; PARTIEL;0
49;6.0;371000;3.4;0;2.3;44.0;ventes;jamais;0
40;0.8;469 000;6.3;0;5.0;34.0; Finance;Jamais;0
26;6.7;309 000;3.7;3;1.7;36.0; Ventes; Jamais;0
33;4.8;93000;14.3;0;5.0;36.0;finance;partiel;1
38;17.2;686 000;2.4;0;3.6;39.0;IT;;0
59;3.9;505000?;9.3;0;4.6;32.0;it; PARTIEL;0
57;2.4;544000;25.5;1;1.5;45.0;Production;;0
25;;300000;2.2;0;3.0;36.0;ventes;Jamais;1
55;2.4;603000;9.0;0;3.1;43.0;Finance;partiel;0
32;5.4;685000;0.5;0;5.0;35.0;IT;Jamais;0
27;;469000;5.2;1;2.2;50.0;; PARTIEL;1
23;1.1; 445 000;5.9;2;2.9;51.0; PRODUCTION;Partiel;0
38;2.1;476 000;2.9;2;1.5;50.0; PRODUCTION; Total ;0
39;6.9;358000;7.6;3;3.4;42.0;ventes; PARTIEL;0
47;1.1;92000;0.7;1;4.0;37.0;Ventes;Jamais;1
54;9.0;395000;1.9;2;2.7;46.0; PRODUCTION;jamais;0
56;0.4;4 64 000;5.7;0;4.3;38.0;IT;partiel;0
36;6.4;421000;0.8;0;0.0;55.0;VENTES;Jamais;0
36;3.6;206 000;10.7;0;4.5;;it;Partiel;0
45;5.3;253000;2.9;1;2.9;; Finance;partiel;0
30;7.1;197000;2.1;0;4.4;37.0; Ventes;jamais;0
37;;427000;2.8;0;2.2;47.0;rh;Jamais;1
28;6.2;249000;1.5;1;2.7;40.0;; Jamais;0
53;16.6;382 000;26.6;0;1.8;49.0;Finance;Jamais;0
27;0.7;662 000;0.5;0;3.5;;Ventes;Partiel;0
